{
  "project_info": {
    "project_number": "813900474224",
    "firebase_url": "https://med4ukm-c612f-default-rtdb.asia-southeast1.firebasedatabase.app",
    "project_id": "med4ukm-c612f",
    "storage_bucket": "med4ukm-c612f.appspot.com"
  },
  "client": [
    {
      "client_info": {
        "mobilesdk_app_id": "1:813900474224:android:e8877096a27e21f0d411b5",
        "android_client_info": {
          "package_name": "com.example.appointment"
        }
      },
      "oauth_client": [
        {
          "client_id": "813900474224-o7p32bqc5stjc979bgbvsoip704ggifk.apps.googleusercontent.com",
          "client_type": 3
        }
      ],
      "api_key": [
        {
          "current_key": "AIzaSyBLHJIm5j4csgMug9zwZrh6XZUxuBOeW1A"
        }
      ],
      "services": {
        "appinvite_service": {
          "other_platform_oauth_client": [
            {
              "client_id": "813900474224-o7p32bqc5stjc979bgbvsoip704ggifk.apps.googleusercontent.com",
              "client_type": 3
            }
          ]
        }
      }
    },
    {
      "client_info": {
        "mobilesdk_app_id": "1:813900474224:android:5b72d6816a170e14d411b5",
        "android_client_info": {
          "package_name": "com.example.med4ukm"
        }
      },
      "oauth_client": [
        {
          "client_id": "813900474224-o7p32bqc5stjc979bgbvsoip704ggifk.apps.googleusercontent.com",
          "client_type": 3
        }
      ],
      "api_key": [
        {
          "current_key": "AIzaSyBLHJIm5j4csgMug9zwZrh6XZUxuBOeW1A"
        }
      ],
      "services": {
        "appinvite_service": {
          "other_platform_oauth_client": [
            {
              "client_id": "813900474224-o7p32bqc5stjc979bgbvsoip704ggifk.apps.googleusercontent.com",
              "client_type": 3
            }
          ]
        }
      }
    }
  ],
  "configuration_version": "1"
}